demande_id,region,prefecture,commune,quartier,type_document,categorie_document,nombre_demandes,delai_traitement_jours,taux_rejet,date_demande,motif_demande,statut_demande,canal_demande,age_demandeur,sexe_demandeur
autres,centrale,sotouboua,sotouboua,nyékonakpoé,carte d'identité,identité,168,1,0.0,2023-09-30,perte,rejetée,en ligne,27,m
autres,kara,binah,pagouda,hôpital,carte d'identité,identité,17,22,0.09,2023-12-22,vol,traitee,en ligne,21,f
autres,plateaux,ogou,atakpamé,bè,certificat de nationalité,identité,104,4,0.08,2023-08-13,concours,traitee,en ligne,18,m
autres,savanes,oti,mango,amoutivé,carte d'identité,identité,92,39,0.02,2023-06-08,première demande,rejetée,guichet,64,m
autres,maritime,zio,tsévié,adidogomé,livre de famille,civil,138,7,0.12,2023-02-02,détérioration,rejetée,en ligne,30,m
autres,savanes,tone,dapaong,nyékonakpoé,carte d'identité,identité,157,22,0.15,2023-04-02,vol,traitee,en ligne,82,f
autres,savanes,oti,mango,golfe,carte d'identité,identité,25,9,0.01,2023-10-05,vol,rejetée,guichet,53,m
autres,maritime,golfe,lomé,golfe,livre de famille,civil,192,45,0.04,2023-06-21,perte,traitee,en ligne,83,m
autres,centrale,tchaoudjo,sokodé,hôpital,passeport,voyage,177,4,0.08,2023-02-08,perte,traitee,guichet,29,m
autres,kara,kozah,kara,tokoin,livre de famille,civil,21,15,0.1,2023-11-09,détérioration,en cours,en ligne,70,f
autres,maritime,golfe,adidogome,hôpital,casier judiciaire,judiciaire,145,31,0.15,2023-10-30,emploi,en cours,guichet,39,f
autres,kara,binah,pagouda,kodjoviakopé,livre de famille,civil,140,19,0.13,2023-05-18,nouveau mariage,traitee,guichet,83,f
autres,centrale,sotouboua,sotouboua,golfe,livre de famille,civil,102,37,0.06,2023-06-25,perte,rejetée,guichet,37,f
autres,savanes,tone,dapaong,golfe,casier judiciaire,judiciaire,11,18,0.12,2023-04-30,emploi,traitee,en ligne,70,m
autres,kara,binah,pagouda,hôpital,passeport,voyage,27,33,0.07,2023-12-25,perte,rejetée,guichet,53,m
autres,centrale,tchaoudjo,sokodé,amoutivé,casier judiciaire,judiciaire,127,5,0.1,2023-11-13,voyage,traitee,guichet,67,m
autres,maritime,vo,vogan,hôpital,passeport,voyage,61,24,0.04,2023-02-21,voyage,traitee,en ligne,30,f
autres,kara,binah,pagouda,nyékonakpoé,acte de naissance,civil,167,2,0.01,2023-04-29,perte,en cours,guichet,63,m
autres,centrale,sotouboua,sotouboua,kodjoviakopé,carte d'identité,identité,38,7,0.1,2023-11-10,vol,traitee,guichet,57,m
autres,maritime,lacs,aného,tokoin,acte de naissance,civil,10,24,0.02,2023-09-12,erreur,en cours,guichet,51,f
autres,centrale,tchaoudjo,sokodé,amoutivé,passeport,voyage,24,4,0.1,2023-07-15,page pleine,traitee,guichet,77,f
autres,kara,binah,pagouda,bè,acte de naissance,civil,61,22,0.04,2023-03-08,reconstitution,traitee,en ligne,68,f
autres,plateaux,haho,notse,adidogomé,acte de naissance,civil,180,35,0.12,2023-04-28,detérioré,traitee,en ligne,58,m
autres,savanes,tone,dapaong,agoè,acte de naissance,civil,13,8,0.11,2023-04-07,perte,en cours,guichet,21,m
autres,kara,binah,pagouda,amoutivé,carte d'identité,identité,186,20,0.14,2023-05-15,expiration,traitee,en ligne,63,m
autres,plateaux,haho,notse,agoè,certificat de nationalité,identité,156,2,0.05,2023-10-03,concours,en cours,guichet,86,f
autres,savanes,tone,dapaong,agoè,casier judiciaire,judiciaire,187,29,0.1,2023-09-05,emploi,rejetée,en ligne,71,m
autres,savanes,tone,dapaong,adidogomé,acte de naissance,civil,139,39,0.07,2023-04-17,erreur,en cours,guichet,84,m
autres,centrale,tchaoudjo,sokodé,tokoin,certificat de nationalité,identité,164,11,0.03,2023-09-04,concours,rejetée,guichet,45,f
autres,plateaux,ogou,atakpamé,amoutivé,acte de naissance,civil,117,45,0.08,2023-07-04,erreur,rejetée,en ligne,21,f
autres,kara,kozah,kara,hôpital,passeport,voyage,87,18,0.01,2023-03-20,expiration,rejetée,guichet,87,f
autres,centrale,sotouboua,sotouboua,kwé,passeport,voyage,103,24,0.14,2023-10-23,expiration,en cours,guichet,88,m
autres,centrale,sotouboua,sotouboua,kwé,casier judiciaire,judiciaire,177,13,0.08,2023-06-04,voyage,rejetée,guichet,63,f
autres,plateaux,kloto,kpalime,adidogomé,passeport,voyage,134,38,0.14,2023-10-21,page pleine,rejetée,guichet,43,m
autres,plateaux,ogou,atakpamé,golfe,carte d'identité,identité,160,41,0.09,2023-05-12,perte,traitee,en ligne,20,m
autres,savanes,tone,dapaong,tokoin,passeport,voyage,193,2,0.05,2023-10-27,page pleine,rejetée,en ligne,81,m
autres,maritime,zio,tsévié,amoutivé,livre de famille,civil,58,19,0.12,2023-07-11,perte,rejetée,en ligne,40,m
autres,maritime,vo,vogan,amoutivé,livre de famille,civil,30,25,0.14,2023-12-22,détérioration,en cours,en ligne,54,f
autres,savanes,tone,dapaong,hedzranawoé,passeport,voyage,78,26,0.04,2023-03-12,page pleine,traitee,guichet,36,m
autres,plateaux,ogou,atakpamé,nyékonakpoé,acte de naissance,civil,57,11,0.06,2023-02-26,erreur,rejetée,en ligne,86,m
autres,savanes,oti,mango,bè,livre de famille,civil,131,26,0.06,2023-04-20,perte,rejetée,guichet,36,m
autres,maritime,lacs,aného,agoè,certificat de nationalité,identité,111,34,0.02,2023-12-30,première demande,traitee,en ligne,90,m
autres,maritime,vo,vogan,golfe,acte de naissance,civil,93,21,0.07,2023-02-19,erreur,rejetée,en ligne,38,m
autres,maritime,golfe,be,agoè,acte de naissance,civil,68,34,0.01,2023-08-20,detérioré,rejetée,guichet,56,m
autres,savanes,oti,mango,golfe,acte de naissance,civil,192,31,0.12,2023-04-07,erreur,traitee,en ligne,90,f
autres,centrale,tchaoudjo,sokodé,hôpital,acte de naissance,civil,56,31,0.15,2023-09-19,erreur,traitee,en ligne,85,f
autres,plateaux,ogou,atakpamé,bè,carte d'identité,identité,190,36,0.05,2023-10-20,première demande,rejetée,en ligne,53,f
autres,plateaux,kloto,kpalime,kwé,acte de naissance,civil,170,5,0.07,2023-03-11,perte,rejetée,guichet,70,m
autres,centrale,sotouboua,sotouboua,hôpital,certificat de nationalité,identité,22,21,0.01,2023-03-04,perte,traitee,en ligne,22,m
autres,maritime,lacs,aného,adidogomé,casier judiciaire,judiciaire,73,39,0.1,2023-01-30,emploi,rejetée,en ligne,38,f
autres,maritime,zio,tsévié,hôpital,acte de naissance,civil,118,11,0.08,2023-12-25,perte,traitee,en ligne,24,m
autres,plateaux,haho,notse,golfe,carte d'identité,identité,71,3,0.05,2023-03-28,vol,rejetée,en ligne,21,m
autres,savanes,oti,mango,golfe,acte de naissance,civil,42,42,0.04,2023-05-15,erreur,en cours,guichet,21,f
autres,maritime,lacs,aného,tokoin,casier judiciaire,judiciaire,14,41,0.01,2023-08-01,emploi,traitee,en ligne,69,m
autres,kara,binah,pagouda,hedzranawoé,acte de naissance,civil,85,19,0.09,2023-06-18,detérioré,traitee,guichet,52,f
autres,plateaux,haho,notse,amoutivé,acte de naissance,civil,59,23,0.13,2023-04-17,erreur,en cours,en ligne,36,m
autres,plateaux,ogou,atakpamé,kodjoviakopé,carte d'identité,identité,87,29,0.02,2023-06-22,détérioration,en cours,guichet,24,m
autres,maritime,zio,tsévié,agoè,certificat de nationalité,identité,185,32,0.1,2023-05-18,perte,rejetée,guichet,81,f
autres,kara,kozah,kara,hedzranawoé,carte d'identité,identité,181,25,0.08,2023-04-26,perte,traitee,en ligne,37,f
autres,kara,binah,pagouda,tokoin,certificat de nationalité,identité,114,42,0.01,2023-12-10,première demande,en cours,guichet,18,f
autres,kara,binah,pagouda,bè,carte d'identité,identité,100,32,0.07,2023-05-20,première demande,en cours,guichet,39,f
autres,savanes,tone,dapaong,hedzranawoé,certificat de nationalité,identité,191,44,0.15,2023-05-16,première demande,rejetée,guichet,40,f
autres,maritime,vo,vogan,golfe,acte de naissance,civil,129,7,0.05,2023-07-21,perte,traitee,guichet,51,f
autres,maritime,zio,tsévié,hedzranawoé,passeport,voyage,146,7,0.13,2023-11-19,expiration,traitee,guichet,65,m
autres,maritime,lacs,aného,adidogomé,passeport,voyage,194,30,0.03,2023-07-29,page pleine,traitee,en ligne,62,f
autres,maritime,zio,tsévié,agoè,carte d'identité,identité,104,29,0.07,2023-11-27,détérioration,rejetée,guichet,73,m
autres,plateaux,kloto,kpalime,kodjoviakopé,certificat de nationalité,identité,51,4,0.12,2023-03-26,perte,traitee,guichet,67,f
autres,maritime,lacs,aného,golfe,passeport,voyage,163,36,0.01,2023-07-04,perte,rejetée,guichet,88,m
autres,savanes,tone,dapaong,kwé,livre de famille,civil,113,17,0.13,2023-04-30,perte,en cours,en ligne,33,f
autres,centrale,tchaoudjo,sokodé,hedzranawoé,acte de naissance,civil,142,13,0.03,2023-01-19,perte,rejetée,guichet,50,m
autres,plateaux,haho,notse,hôpital,acte de naissance,civil,177,9,0.0,2023-07-27,perte,traitee,guichet,84,m
autres,savanes,oti,mango,hedzranawoé,passeport,voyage,18,25,0.13,2023-11-11,voyage,en cours,en ligne,69,m
autres,kara,binah,pagouda,agoè,livre de famille,civil,125,19,0.07,2023-06-04,perte,rejetée,en ligne,67,m
autres,plateaux,kloto,kpalime,amoutivé,casier judiciaire,judiciaire,145,37,0.15,2023-03-29,concours,traitee,guichet,49,f
autres,kara,binah,pagouda,adidogomé,certificat de nationalité,identité,55,34,0.0,2023-05-18,première demande,rejetée,en ligne,60,m
autres,maritime,zio,tsévié,kwé,carte d'identité,identité,43,29,0.04,2023-04-07,vol,en cours,en ligne,66,m
autres,centrale,tchaoudjo,sokodé,hedzranawoé,casier judiciaire,judiciaire,136,19,0.03,2023-06-29,emploi,en cours,en ligne,63,m
autres,maritime,vo,vogan,kwé,certificat de nationalité,identité,178,24,0.14,2023-03-02,première demande,rejetée,en ligne,19,m
autres,savanes,oti,mango,agoè,casier judiciaire,judiciaire,179,25,0.01,2023-09-26,emploi,en cours,guichet,30,m
autres,maritime,lacs,aného,hôpital,certificat de nationalité,identité,29,22,0.14,2023-06-17,première demande,traitee,guichet,90,m
autres,kara,binah,pagouda,kodjoviakopé,livre de famille,civil,38,13,0.05,2023-08-10,perte,rejetée,guichet,81,m
autres,plateaux,haho,notse,kodjoviakopé,passeport,voyage,22,26,0.07,2023-12-11,page pleine,en cours,guichet,79,f
autres,maritime,vo,vogan,golfe,livre de famille,civil,69,32,0.09,2023-10-13,détérioration,rejetée,guichet,72,m
autres,maritime,lacs,aného,golfe,carte d'identité,identité,119,44,0.11,2023-11-26,première demande,traitee,guichet,61,f
autres,savanes,oti,mango,nyékonakpoé,acte de naissance,civil,149,4,0.1,2023-07-20,erreur,en cours,guichet,72,f
autres,plateaux,kloto,kpalime,amoutivé,acte de naissance,civil,33,3,0.12,2023-11-14,perte,en cours,en ligne,61,f
autres,plateaux,haho,notse,amoutivé,livre de famille,civil,171,26,0.05,2023-01-01,détérioration,traitee,en ligne,88,m
autres,maritime,zio,tsévié,hôpital,certificat de nationalité,identité,145,37,0.08,2023-05-21,concours,en cours,guichet,86,m
autres,savanes,tone,dapaong,tokoin,certificat de nationalité,identité,21,26,0.06,2023-12-10,perte,rejetée,guichet,31,m
autres,kara,kozah,kara,tokoin,carte d'identité,identité,143,13,0.11,2023-03-28,vol,en cours,en ligne,30,f
autres,plateaux,ogou,atakpamé,golfe,certificat de nationalité,identité,79,44,0.11,2023-09-20,concours,traitee,en ligne,38,f
autres,kara,kozah,kara,hôpital,livre de famille,civil,195,37,0.1,2023-09-12,détérioration,rejetée,en ligne,64,m
autres,savanes,oti,mango,amoutivé,livre de famille,civil,110,4,0.01,2023-05-30,détérioration,rejetée,guichet,70,f
autres,kara,kozah,kara,hôpital,acte de naissance,civil,81,27,0.05,2023-01-30,erreur,traitee,guichet,53,m
autres,centrale,sotouboua,sotouboua,kwé,acte de naissance,civil,165,11,0.09,2023-06-17,perte,rejetée,guichet,30,f
autres,centrale,sotouboua,sotouboua,kwé,certificat de nationalité,identité,63,4,0.09,2023-10-10,concours,traitee,guichet,54,m
autres,centrale,sotouboua,sotouboua,amoutivé,casier judiciaire,judiciaire,150,3,0.1,2023-05-30,emploi,en cours,en ligne,67,m
autres,kara,kozah,kara,hôpital,carte d'identité,identité,30,17,0.12,2023-10-28,première demande,en cours,guichet,68,f
autres,plateaux,kloto,kpalime,agoè,acte de naissance,civil,196,33,0.1,2023-11-20,erreur,rejetée,guichet,36,m
autres,kara,kozah,kara,tokoin,certificat de nationalité,identité,105,30,0.02,2023-04-09,perte,rejetée,guichet,69,f
autres,plateaux,ogou,atakpamé,hôpital,certificat de nationalité,identité,101,32,0.11,2023-07-29,perte,en cours,guichet,59,m
autres,maritime,golfe,lomé,bè,acte de naissance,civil,61,8,0.11,2023-10-04,reconstitution,rejetée,en ligne,39,m
autres,centrale,sotouboua,sotouboua,bè,acte de naissance,civil,18,22,0.11,2023-08-27,perte,en cours,guichet,21,f
autres,centrale,sotouboua,sotouboua,hedzranawoé,acte de naissance,civil,43,22,0.04,2023-02-07,perte,rejetée,guichet,55,f
autres,maritime,vo,vogan,nyékonakpoé,carte d'identité,identité,177,8,0.05,2023-10-15,première demande,rejetée,en ligne,47,f
autres,kara,kozah,kara,bè,casier judiciaire,judiciaire,18,40,0.11,2023-07-19,emploi,en cours,en ligne,26,m
autres,centrale,tchaoudjo,sokodé,adidogomé,acte de naissance,civil,44,41,0.0,2023-03-24,detérioré,traitee,guichet,65,m
autres,savanes,oti,mango,tokoin,carte d'identité,identité,153,29,0.04,2023-11-07,détérioration,traitee,en ligne,79,f
autres,plateaux,haho,notse,amoutivé,carte d'identité,identité,179,12,0.13,2023-02-03,vol,traitee,en ligne,35,m
autres,kara,kozah,kara,tokoin,passeport,voyage,174,26,0.03,2023-11-22,perte,traitee,guichet,90,m
autres,savanes,tone,dapaong,bè,passeport,voyage,118,31,0.03,2023-07-04,perte,en cours,guichet,58,m
autres,centrale,tchaoudjo,sokodé,bè,passeport,voyage,14,42,0.14,2023-10-31,expiration,en cours,guichet,24,m
autres,centrale,tchaoudjo,sokodé,agoè,certificat de nationalité,identité,23,39,0.05,2023-06-22,perte,en cours,guichet,72,m
autres,centrale,tchaoudjo,sokodé,golfe,casier judiciaire,judiciaire,104,16,0.02,2023-09-04,concours,rejetée,guichet,78,m
autres,plateaux,kloto,kpalime,golfe,casier judiciaire,judiciaire,43,37,0.02,2023-08-15,voyage,en cours,en ligne,37,m
autres,maritime,lacs,aného,tokoin,acte de naissance,civil,66,6,0.09,2023-06-01,perte,rejetée,en ligne,53,f
autres,savanes,tone,dapaong,kwé,casier judiciaire,judiciaire,111,34,0.07,2023-07-06,concours,rejetée,guichet,59,f
autres,kara,kozah,kara,kwé,passeport,voyage,69,8,0.06,2023-03-11,voyage,en cours,guichet,32,m
autres,centrale,sotouboua,sotouboua,hôpital,livre de famille,civil,18,23,0.01,2023-10-04,nouveau mariage,traitee,guichet,81,m
autres,kara,kozah,kara,agoè,passeport,voyage,109,14,0.01,2023-08-29,perte,rejetée,en ligne,19,m
autres,centrale,tchaoudjo,sokodé,amoutivé,casier judiciaire,judiciaire,167,42,0.05,2023-06-17,concours,en cours,en ligne,43,f
autres,savanes,oti,mango,kodjoviakopé,certificat de nationalité,identité,195,29,0.03,2023-06-03,perte,rejetée,en ligne,57,m
autres,kara,kozah,kara,nyékonakpoé,certificat de nationalité,identité,129,8,0.0,2023-03-03,première demande,en cours,guichet,28,m
autres,plateaux,kloto,kpalime,golfe,acte de naissance,civil,199,22,0.0,2023-08-07,detérioré,rejetée,en ligne,72,f
autres,plateaux,kloto,kpalime,golfe,certificat de nationalité,identité,197,11,0.07,2023-07-14,perte,traitee,en ligne,44,m
autres,kara,kozah,kara,kwé,certificat de nationalité,identité,106,19,0.06,2023-11-18,première demande,traitee,guichet,66,m
autres,plateaux,kloto,kpalime,golfe,passeport,voyage,62,22,0.11,2023-04-20,perte,traitee,en ligne,48,m
autres,maritime,vo,vogan,adidogomé,livre de famille,civil,180,19,0.01,2023-09-01,perte,rejetée,en ligne,26,m
autres,maritime,vo,vogan,hedzranawoé,certificat de nationalité,identité,165,33,0.02,2023-02-25,perte,en cours,en ligne,25,m
autres,maritime,golfe,adidogome,adidogomé,livre de famille,civil,51,5,0.08,2023-10-07,perte,en cours,en ligne,24,f
autres,centrale,sotouboua,sotouboua,adidogomé,carte d'identité,identité,155,27,0.06,2023-07-07,première demande,rejetée,en ligne,84,f
autres,centrale,tchaoudjo,sokodé,adidogomé,certificat de nationalité,identité,116,1,0.13,2023-08-24,perte,traitee,en ligne,23,f
autres,maritime,golfe,adidogome,tokoin,acte de naissance,civil,30,21,0.13,2023-04-26,reconstitution,rejetée,guichet,19,m
autres,kara,kozah,kara,amoutivé,livre de famille,civil,94,10,0.02,2023-03-01,perte,traitee,guichet,80,f
autres,plateaux,kloto,kpalime,agoè,passeport,voyage,113,10,0.04,2023-05-08,page pleine,traitee,en ligne,83,f
autres,kara,kozah,kara,hôpital,certificat de nationalité,identité,128,1,0.0,2023-03-05,perte,rejetée,en ligne,22,m
autres,maritime,vo,vogan,kodjoviakopé,carte d'identité,identité,189,3,0.03,2023-07-20,vol,traitee,en ligne,55,f
autres,savanes,oti,mango,amoutivé,certificat de nationalité,identité,171,20,0.13,2023-12-13,perte,en cours,guichet,50,m
autres,savanes,tone,dapaong,tokoin,carte d'identité,identité,150,12,0.06,2023-03-18,détérioration,traitee,guichet,56,f
autres,plateaux,haho,notse,hôpital,livre de famille,civil,91,35,0.1,2023-08-03,détérioration,en cours,guichet,60,m
autres,savanes,tone,dapaong,kodjoviakopé,passeport,voyage,183,10,0.09,2023-04-09,page pleine,traitee,guichet,69,f
autres,plateaux,haho,notse,adidogomé,certificat de nationalité,identité,50,21,0.12,2023-09-28,première demande,en cours,guichet,36,f
autres,plateaux,haho,notse,hôpital,acte de naissance,civil,24,15,0.09,2023-01-24,erreur,traitee,guichet,36,f
autres,maritime,golfe,lomé,adidogomé,carte d'identité,identité,177,32,0.06,2023-02-01,vol,en cours,en ligne,40,f
autres,savanes,tone,dapaong,adidogomé,passeport,voyage,68,14,0.15,2023-01-30,expiration,en cours,en ligne,90,f
autres,maritime,golfe,adidogome,hedzranawoé,passeport,voyage,190,34,0.03,2023-02-07,expiration,en cours,en ligne,49,m
autres,savanes,tone,dapaong,hôpital,livre de famille,civil,98,33,0.08,2023-07-31,détérioration,traitee,guichet,70,m
autres,savanes,oti,mango,agoè,livre de famille,civil,199,37,0.14,2023-01-10,détérioration,en cours,en ligne,88,m
autres,plateaux,haho,notse,hôpital,acte de naissance,civil,100,31,0.11,2023-01-05,reconstitution,en cours,guichet,26,f
autres,plateaux,ogou,atakpamé,kwé,certificat de nationalité,identité,156,31,0.09,2023-05-02,première demande,rejetée,en ligne,27,m
autres,kara,binah,pagouda,hôpital,livre de famille,civil,121,43,0.13,2023-07-19,détérioration,traitee,guichet,71,f
autres,centrale,sotouboua,sotouboua,agoè,carte d'identité,identité,128,40,0.05,2023-07-18,expiration,rejetée,guichet,38,m
autres,centrale,tchaoudjo,sokodé,hôpital,certificat de nationalité,identité,56,21,0.11,2023-01-25,concours,en cours,guichet,24,m
autres,centrale,sotouboua,sotouboua,nyékonakpoé,certificat de nationalité,identité,128,15,0.01,2023-06-07,première demande,traitee,guichet,43,f
autres,kara,kozah,kara,hôpital,acte de naissance,civil,142,19,0.01,2023-06-08,detérioré,rejetée,guichet,66,m
autres,kara,kozah,kara,amoutivé,casier judiciaire,judiciaire,91,35,0.03,2023-12-30,voyage,en cours,en ligne,61,f
autres,savanes,oti,mango,bè,passeport,voyage,23,22,0.11,2023-04-09,expiration,en cours,en ligne,28,m
autres,savanes,oti,mango,nyékonakpoé,certificat de nationalité,identité,65,8,0.01,2023-04-01,concours,rejetée,en ligne,39,m
autres,plateaux,kloto,kpalime,amoutivé,certificat de nationalité,identité,153,44,0.02,2023-05-29,perte,traitee,guichet,53,m
autres,kara,kozah,kara,bè,acte de naissance,civil,33,21,0.13,2023-11-06,erreur,en cours,guichet,23,f
autres,plateaux,ogou,atakpamé,kwé,certificat de nationalité,identité,126,15,0.08,2023-07-21,première demande,traitee,en ligne,24,f
autres,plateaux,ogou,atakpamé,bè,acte de naissance,civil,155,39,0.04,2023-02-16,reconstitution,rejetée,en ligne,80,f
autres,savanes,oti,mango,kwé,certificat de nationalité,identité,135,45,0.14,2023-12-31,première demande,rejetée,guichet,20,f
autres,centrale,tchaoudjo,sokodé,agoè,passeport,voyage,40,41,0.08,2023-06-14,page pleine,traitee,guichet,72,f
autres,maritime,lacs,aného,hedzranawoé,casier judiciaire,judiciaire,44,40,0.13,2023-07-04,voyage,rejetée,guichet,77,f
autres,centrale,sotouboua,sotouboua,adidogomé,passeport,voyage,15,31,0.08,2023-05-16,perte,rejetée,en ligne,70,m
autres,savanes,tone,dapaong,agoè,livre de famille,civil,183,43,0.02,2023-09-24,perte,rejetée,guichet,79,f
autres,kara,binah,pagouda,kwé,carte d'identité,identité,33,10,0.1,2023-09-30,perte,en cours,guichet,49,f
autres,maritime,vo,vogan,golfe,certificat de nationalité,identité,102,19,0.04,2023-01-03,première demande,traitee,en ligne,45,f
autres,centrale,tchaoudjo,sokodé,tokoin,livre de famille,civil,186,8,0.04,2023-08-17,détérioration,traitee,guichet,29,f
autres,kara,kozah,kara,tokoin,passeport,voyage,24,8,0.1,2023-12-29,perte,rejetée,guichet,25,f
autres,kara,binah,pagouda,bè,certificat de nationalité,identité,144,3,0.13,2023-10-10,première demande,rejetée,en ligne,67,f
autres,savanes,oti,mango,hedzranawoé,passeport,voyage,83,14,0.05,2023-09-09,expiration,rejetée,en ligne,88,f
autres,plateaux,kloto,kpalime,kwé,casier judiciaire,judiciaire,37,16,0.03,2023-05-22,voyage,en cours,guichet,63,m
autres,savanes,oti,mango,tokoin,acte de naissance,civil,39,9,0.11,2023-06-19,erreur,traitee,guichet,34,m
autres,maritime,golfe,be,agoè,livre de famille,civil,191,2,0.08,2023-12-11,détérioration,en cours,guichet,62,m
autres,maritime,lacs,aného,golfe,passeport,voyage,105,21,0.0,2023-10-22,perte,rejetée,guichet,71,f
autres,maritime,zio,tsévié,agoè,acte de naissance,civil,48,26,0.15,2023-10-13,erreur,traitee,guichet,20,m
autres,kara,binah,pagouda,hôpital,certificat de nationalité,identité,31,36,0.03,2023-10-12,première demande,traitee,en ligne,46,m
autres,kara,binah,pagouda,nyékonakpoé,carte d'identité,identité,52,10,0.02,2023-06-03,vol,en cours,en ligne,74,m
autres,plateaux,ogou,atakpamé,bè,livre de famille,civil,150,17,0.06,2023-12-21,détérioration,rejetée,en ligne,58,f
autres,kara,kozah,kara,hedzranawoé,livre de famille,civil,32,17,0.0,2023-09-09,perte,en cours,en ligne,51,m
autres,savanes,tone,dapaong,kwé,passeport,voyage,180,23,0.0,2023-04-14,voyage,rejetée,en ligne,53,m
autres,savanes,oti,mango,kodjoviakopé,acte de naissance,civil,22,14,0.09,2023-07-11,perte,en cours,guichet,35,f
autres,kara,binah,pagouda,nyékonakpoé,carte d'identité,identité,113,21,0.06,2023-05-07,vol,rejetée,en ligne,65,m
autres,centrale,tchaoudjo,sokodé,tokoin,acte de naissance,civil,200,7,0.14,2023-08-03,perte,rejetée,guichet,81,m
autres,savanes,oti,mango,hôpital,passeport,voyage,124,35,0.09,2023-10-07,perte,traitee,guichet,40,m
autres,maritime,vo,vogan,bè,passeport,voyage,55,16,0.13,2023-05-07,voyage,en cours,en ligne,27,m
autres,plateaux,kloto,kpalime,bè,passeport,voyage,183,3,0.04,2023-05-07,page pleine,en cours,en ligne,85,f
autres,centrale,tchaoudjo,sokodé,tokoin,acte de naissance,civil,26,42,0.1,2023-07-01,detérioré,traitee,guichet,90,f
autres,centrale,sotouboua,sotouboua,amoutivé,livre de famille,civil,27,15,0.06,2023-09-22,perte,en cours,en ligne,51,m
autres,maritime,vo,vogan,kodjoviakopé,certificat de nationalité,identité,10,17,0.13,2023-01-04,perte,en cours,en ligne,47,m
autres,centrale,sotouboua,sotouboua,nyékonakpoé,carte d'identité,identité,31,29,0.12,2023-09-11,première demande,rejetée,en ligne,21,f
autres,kara,binah,pagouda,hedzranawoé,certificat de nationalité,identité,161,42,0.12,2023-05-16,concours,rejetée,en ligne,47,m
autres,centrale,sotouboua,sotouboua,kwé,passeport,voyage,200,35,0.09,2023-02-22,page pleine,rejetée,en ligne,51,m
autres,centrale,tchaoudjo,sokodé,kodjoviakopé,passeport,voyage,158,25,0.08,2023-04-05,perte,rejetée,guichet,56,f
autres,kara,binah,pagouda,nyékonakpoé,acte de naissance,civil,195,13,0.12,2023-05-04,erreur,en cours,guichet,74,f
autres,plateaux,ogou,atakpamé,nyékonakpoé,certificat de nationalité,identité,193,25,0.14,2023-08-25,perte,traitee,guichet,74,f
autres,maritime,zio,tsévié,bè,acte de naissance,civil,98,9,0.05,2023-11-09,reconstitution,rejetée,en ligne,39,f
autres,maritime,golfe,be,bè,acte de naissance,civil,35,30,0.13,2023-08-19,erreur,en cours,guichet,58,m
autres,savanes,tone,dapaong,kwé,passeport,voyage,152,33,0.15,2023-10-29,expiration,rejetée,guichet,47,m
autres,savanes,tone,dapaong,golfe,casier judiciaire,judiciaire,59,26,0.11,2023-06-11,voyage,en cours,guichet,44,m
autres,kara,kozah,kara,nyékonakpoé,acte de naissance,civil,101,1,0.05,2023-08-15,erreur,rejetée,en ligne,79,f
autres,savanes,tone,dapaong,golfe,certificat de nationalité,identité,117,10,0.05,2023-06-16,perte,traitee,guichet,83,m
autres,plateaux,kloto,kpalime,hedzranawoé,casier judiciaire,judiciaire,172,26,0.1,2023-12-09,concours,rejetée,en ligne,58,m
autres,savanes,oti,mango,tokoin,acte de naissance,civil,29,18,0.05,2023-02-14,reconstitution,traitee,guichet,56,m
autres,maritime,golfe,lomé,bè,acte de naissance,civil,93,8,0.12,2023-03-02,detérioré,en cours,en ligne,31,m
autres,centrale,tchaoudjo,sokodé,kodjoviakopé,certificat de nationalité,identité,160,30,0.1,2023-01-27,première demande,rejetée,guichet,69,f
autres,centrale,tchaoudjo,sokodé,adidogomé,passeport,voyage,127,29,0.13,2023-10-17,page pleine,rejetée,en ligne,18,f
autres,kara,kozah,kara,kwé,livre de famille,civil,79,39,0.07,2023-09-07,perte,rejetée,guichet,27,m
autres,maritime,golfe,lomé,kodjoviakopé,livre de famille,civil,159,29,0.05,2023-05-23,perte,rejetée,en ligne,51,f
autres,kara,kozah,kara,golfe,passeport,voyage,23,24,0.13,2023-05-04,perte,rejetée,guichet,39,f
autres,maritime,lacs,aného,nyékonakpoé,casier judiciaire,judiciaire,28,13,0.11,2023-07-22,concours,en cours,en ligne,74,f
autres,plateaux,kloto,kpalime,hôpital,acte de naissance,civil,77,29,0.07,2023-07-16,detérioré,en cours,en ligne,72,m
autres,centrale,tchaoudjo,sokodé,tokoin,carte d'identité,identité,187,14,0.12,2023-03-06,détérioration,rejetée,en ligne,49,f
autres,plateaux,kloto,kpalime,bè,carte d'identité,identité,170,19,0.01,2023-02-28,perte,traitee,guichet,51,m
autres,kara,binah,pagouda,adidogomé,certificat de nationalité,identité,158,17,0.04,2023-11-06,concours,en cours,en ligne,71,f
autres,centrale,tchaoudjo,sokodé,golfe,casier judiciaire,judiciaire,165,39,0.05,2023-08-21,voyage,en cours,en ligne,81,f
autres,kara,kozah,kara,nyékonakpoé,livre de famille,civil,30,25,0.05,2023-11-01,perte,en cours,guichet,70,m
autres,maritime,golfe,adidogome,kodjoviakopé,livre de famille,civil,147,3,0.03,2023-01-09,perte,rejetée,guichet,47,m
autres,kara,binah,pagouda,amoutivé,livre de famille,civil,177,26,0.14,2023-02-02,perte,en cours,guichet,26,f
autres,maritime,vo,vogan,nyékonakpoé,livre de famille,civil,90,27,0.12,2023-07-11,nouveau mariage,traitee,guichet,21,f
autres,plateaux,kloto,kpalime,nyékonakpoé,acte de naissance,civil,36,33,0.05,2023-06-10,reconstitution,rejetée,en ligne,20,m
autres,maritime,zio,tsévié,tokoin,carte d'identité,identité,19,17,0.07,2023-01-23,perte,rejetée,en ligne,23,f
autres,centrale,tchaoudjo,sokodé,agoè,acte de naissance,civil,96,19,0.06,2023-03-24,perte,en cours,en ligne,57,f
autres,savanes,oti,mango,hôpital,casier judiciaire,judiciaire,99,15,0.08,2023-05-21,emploi,en cours,en ligne,27,f
autres,plateaux,haho,notse,hôpital,livre de famille,civil,156,38,0.12,2023-10-13,détérioration,en cours,en ligne,58,m
autres,maritime,zio,tsévié,bè,casier judiciaire,judiciaire,20,2,0.01,2023-11-02,concours,rejetée,en ligne,53,f
autres,maritime,vo,vogan,tokoin,livre de famille,civil,56,22,0.06,2023-07-24,perte,traitee,guichet,45,f
autres,plateaux,haho,notse,kodjoviakopé,casier judiciaire,judiciaire,39,26,0.12,2023-03-25,voyage,rejetée,guichet,46,m
autres,kara,kozah,kara,hedzranawoé,acte de naissance,civil,172,33,0.12,2023-07-12,perte,en cours,en ligne,42,m
autres,plateaux,kloto,kpalime,bè,livre de famille,civil,25,44,0.03,2023-11-19,perte,traitee,en ligne,85,f
autres,kara,binah,pagouda,kwé,acte de naissance,civil,90,39,0.02,2023-03-02,reconstitution,en cours,en ligne,89,f
autres,kara,kozah,kara,nyékonakpoé,casier judiciaire,judiciaire,105,35,0.12,2023-12-29,concours,en cours,en ligne,74,f
autres,maritime,golfe,adidogome,kwé,acte de naissance,civil,97,10,0.05,2023-11-09,perte,rejetée,en ligne,21,m
autres,centrale,sotouboua,sotouboua,nyékonakpoé,passeport,voyage,177,14,0.04,2023-09-27,page pleine,rejetée,guichet,56,f
autres,savanes,oti,mango,hedzranawoé,carte d'identité,identité,82,41,0.0,2023-11-12,vol,rejetée,en ligne,35,f
autres,centrale,tchaoudjo,sokodé,agoè,livre de famille,civil,110,15,0.02,2023-11-01,détérioration,en cours,guichet,39,m
autres,kara,kozah,kara,kodjoviakopé,passeport,voyage,192,17,0.01,2023-06-16,perte,en cours,guichet,34,f
autres,centrale,tchaoudjo,sokodé,kwé,acte de naissance,civil,95,26,0.06,2023-06-25,detérioré,traitee,en ligne,60,f
autres,plateaux,ogou,atakpamé,tokoin,carte d'identité,identité,179,31,0.12,2023-06-16,perte,rejetée,en ligne,48,f
autres,kara,binah,pagouda,kwé,livre de famille,civil,146,43,0.0,2023-07-07,perte,traitee,guichet,71,m
autres,centrale,tchaoudjo,sokodé,kwé,casier judiciaire,judiciaire,52,14,0.15,2023-09-30,emploi,rejetée,en ligne,71,m
autres,maritime,zio,tsévié,kodjoviakopé,carte d'identité,identité,154,24,0.02,2023-10-28,vol,rejetée,guichet,83,f
autres,savanes,oti,mango,amoutivé,certificat de nationalité,identité,69,42,0.05,2023-02-14,première demande,en cours,guichet,38,f
autres,savanes,tone,dapaong,agoè,livre de famille,civil,155,16,0.01,2023-07-09,perte,en cours,en ligne,40,m
autres,maritime,zio,tsévié,kwé,carte d'identité,identité,195,4,0.04,2023-09-06,détérioration,rejetée,guichet,77,m
autres,centrale,sotouboua,sotouboua,agoè,acte de naissance,civil,192,39,0.04,2023-08-03,reconstitution,en cours,guichet,70,m
autres,plateaux,kloto,kpalime,kodjoviakopé,acte de naissance,civil,97,11,0.05,2023-09-16,perte,rejetée,guichet,62,f
autres,plateaux,kloto,kpalime,bè,passeport,voyage,104,12,0.13,2023-11-13,perte,traitee,en ligne,73,m
autres,plateaux,haho,notse,tokoin,livre de famille,civil,125,30,0.14,2023-12-15,perte,en cours,en ligne,67,f
autres,centrale,sotouboua,sotouboua,nyékonakpoé,certificat de nationalité,identité,138,5,0.01,2023-02-12,première demande,traitee,en ligne,22,f
autres,kara,binah,pagouda,kodjoviakopé,carte d'identité,identité,63,26,0.03,2023-07-06,expiration,traitee,en ligne,44,f
autres,kara,binah,pagouda,amoutivé,livre de famille,civil,143,18,0.06,2023-10-30,perte,traitee,guichet,45,f
autres,kara,kozah,kara,kodjoviakopé,certificat de nationalité,identité,182,1,0.02,2023-01-14,concours,en cours,en ligne,76,m
autres,centrale,sotouboua,sotouboua,kodjoviakopé,carte d'identité,identité,200,5,0.12,2023-02-27,expiration,en cours,guichet,59,m
autres,kara,kozah,kara,kodjoviakopé,passeport,voyage,166,31,0.09,2023-09-13,perte,rejetée,guichet,22,f
autres,centrale,sotouboua,sotouboua,nyékonakpoé,livre de famille,civil,77,1,0.04,2023-03-09,perte,traitee,en ligne,83,f
autres,kara,kozah,kara,bè,livre de famille,civil,163,15,0.13,2023-04-05,détérioration,traitee,guichet,72,f
autres,maritime,vo,vogan,adidogomé,passeport,voyage,31,28,0.12,2023-09-30,page pleine,en cours,guichet,25,m
autres,plateaux,haho,notse,agoè,livre de famille,civil,131,16,0.04,2023-09-30,détérioration,traitee,guichet,85,m
autres,maritime,zio,tsévié,amoutivé,carte d'identité,identité,95,28,0.01,2023-05-18,expiration,traitee,en ligne,79,f
autres,plateaux,haho,notse,nyékonakpoé,acte de naissance,civil,176,14,0.11,2023-08-26,erreur,traitee,guichet,46,m
autres,centrale,tchaoudjo,sokodé,bè,certificat de nationalité,identité,45,43,0.08,2023-08-02,perte,en cours,guichet,79,f
autres,plateaux,ogou,atakpamé,tokoin,carte d'identité,identité,195,5,0.13,2023-05-23,expiration,en cours,en ligne,73,f
autres,savanes,tone,dapaong,hôpital,certificat de nationalité,identité,98,11,0.11,2023-11-28,première demande,traitee,guichet,26,f
autres,plateaux,haho,notse,bè,acte de naissance,civil,193,17,0.04,2023-09-18,detérioré,traitee,guichet,23,f
autres,savanes,oti,mango,golfe,livre de famille,civil,185,4,0.13,2023-01-07,nouveau mariage,rejetée,guichet,66,f
autres,maritime,golfe,adidogome,nyékonakpoé,livre de famille,civil,67,41,0.15,2023-08-18,détérioration,en cours,en ligne,27,f
autres,kara,kozah,kara,hôpital,passeport,voyage,128,32,0.01,2023-09-11,page pleine,traitee,en ligne,29,f
autres,maritime,zio,tsévié,adidogomé,carte d'identité,identité,62,3,0.06,2023-10-15,vol,en cours,guichet,64,f
autres,plateaux,haho,notse,amoutivé,passeport,voyage,177,38,0.1,2023-10-19,page pleine,en cours,guichet,81,f
autres,maritime,lacs,aného,agoè,passeport,voyage,149,17,0.07,2023-06-16,page pleine,rejetée,guichet,48,f
autres,kara,kozah,kara,agoè,passeport,voyage,54,28,0.12,2023-12-16,expiration,traitee,en ligne,75,m
autres,kara,binah,pagouda,adidogomé,passeport,voyage,71,43,0.06,2023-01-10,expiration,traitee,en ligne,46,f
autres,savanes,tone,dapaong,hedzranawoé,certificat de nationalité,identité,127,37,0.11,2023-12-28,perte,traitee,guichet,80,f
autres,kara,kozah,kara,nyékonakpoé,passeport,voyage,106,37,0.04,2023-04-01,page pleine,rejetée,en ligne,86,m
autres,kara,kozah,kara,amoutivé,acte de naissance,civil,13,10,0.03,2023-10-16,reconstitution,rejetée,en ligne,48,f
autres,maritime,lacs,aného,agoè,passeport,voyage,125,3,0.02,2023-04-17,expiration,traitee,guichet,45,m
autres,savanes,tone,dapaong,amoutivé,carte d'identité,identité,152,5,0.09,2023-11-14,perte,en cours,guichet,39,m
autres,plateaux,ogou,atakpamé,amoutivé,acte de naissance,civil,36,24,0.03,2023-01-16,detérioré,traitee,en ligne,78,m
autres,savanes,tone,dapaong,hedzranawoé,livre de famille,civil,10,44,0.01,2023-12-09,détérioration,traitee,en ligne,56,f
autres,plateaux,kloto,kpalime,amoutivé,casier judiciaire,judiciaire,107,1,0.11,2023-05-26,voyage,en cours,guichet,64,m
autres,savanes,oti,mango,kodjoviakopé,passeport,voyage,96,36,0.03,2023-02-13,expiration,rejetée,guichet,68,f
autres,centrale,sotouboua,sotouboua,hedzranawoé,carte d'identité,identité,59,7,0.13,2023-12-11,vol,en cours,en ligne,26,f
autres,maritime,vo,vogan,hedzranawoé,carte d'identité,identité,61,11,0.04,2023-12-19,expiration,en cours,guichet,90,f
autres,maritime,golfe,adidogome,golfe,casier judiciaire,judiciaire,192,19,0.08,2023-12-31,concours,traitee,en ligne,30,m
autres,savanes,tone,dapaong,amoutivé,livre de famille,civil,157,42,0.07,2023-10-03,nouveau mariage,rejetée,en ligne,39,m
autres,savanes,oti,mango,amoutivé,livre de famille,civil,46,41,0.13,2023-09-27,perte,traitee,en ligne,44,f
autres,kara,binah,pagouda,kodjoviakopé,passeport,voyage,181,16,0.03,2023-08-29,perte,en cours,guichet,27,f
autres,savanes,oti,mango,nyékonakpoé,livre de famille,civil,146,14,0.03,2023-06-22,perte,traitee,en ligne,60,f
autres,plateaux,ogou,atakpamé,bè,passeport,voyage,29,38,0.02,2023-04-20,voyage,en cours,en ligne,22,m
autres,plateaux,ogou,atakpamé,tokoin,casier judiciaire,judiciaire,56,11,0.01,2023-06-02,voyage,traitee,guichet,90,f
autres,centrale,sotouboua,sotouboua,golfe,casier judiciaire,judiciaire,88,22,0.07,2023-12-23,voyage,traitee,en ligne,37,m
autres,kara,kozah,kara,kwé,acte de naissance,civil,129,34,0.11,2023-12-15,perte,rejetée,guichet,74,f
autres,maritime,zio,tsévié,amoutivé,livre de famille,civil,85,6,0.13,2023-02-01,nouveau mariage,rejetée,guichet,39,f
autres,kara,kozah,kara,bè,livre de famille,civil,76,23,0.12,2023-04-21,perte,en cours,guichet,46,f
autres,maritime,lacs,aného,nyékonakpoé,carte d'identité,identité,70,14,0.11,2023-07-18,perte,traitee,en ligne,59,m
autres,savanes,tone,dapaong,golfe,casier judiciaire,judiciaire,198,19,0.11,2023-10-18,concours,traitee,guichet,68,f
autres,savanes,oti,mango,hedzranawoé,certificat de nationalité,identité,124,11,0.15,2023-10-11,concours,rejetée,en ligne,65,f
autres,maritime,vo,vogan,kodjoviakopé,certificat de nationalité,identité,187,14,0.09,2023-09-30,première demande,traitee,en ligne,54,m
autres,savanes,tone,dapaong,kodjoviakopé,livre de famille,civil,186,43,0.03,2023-12-20,nouveau mariage,rejetée,guichet,41,f
autres,kara,kozah,kara,tokoin,carte d'identité,identité,43,37,0.05,2023-07-17,détérioration,en cours,en ligne,43,f
autres,savanes,tone,dapaong,amoutivé,certificat de nationalité,identité,173,25,0.11,2023-01-08,première demande,en cours,guichet,64,f
autres,plateaux,ogou,atakpamé,nyékonakpoé,casier judiciaire,judiciaire,179,40,0.03,2023-09-11,emploi,traitee,en ligne,54,f
autres,plateaux,ogou,atakpamé,hôpital,casier judiciaire,judiciaire,152,27,0.12,2023-06-11,emploi,en cours,guichet,61,m
autres,savanes,oti,mango,amoutivé,carte d'identité,identité,50,26,0.07,2023-11-20,vol,traitee,en ligne,52,f
autres,savanes,tone,dapaong,kodjoviakopé,acte de naissance,civil,104,39,0.06,2023-09-18,erreur,rejetée,en ligne,63,f
autres,centrale,sotouboua,sotouboua,agoè,casier judiciaire,judiciaire,150,23,0.1,2023-04-05,voyage,en cours,en ligne,70,m
autres,plateaux,kloto,kpalime,kwé,passeport,voyage,42,11,0.12,2023-06-27,expiration,en cours,en ligne,46,m
autres,plateaux,kloto,kpalime,agoè,certificat de nationalité,identité,60,42,0.04,2023-11-12,perte,traitee,guichet,49,f
autres,kara,kozah,kara,golfe,carte d'identité,identité,60,18,0.07,2023-01-20,vol,en cours,en ligne,64,f
autres,kara,binah,pagouda,bè,passeport,voyage,66,17,0.09,2023-11-10,expiration,traitee,guichet,90,m
autres,centrale,sotouboua,sotouboua,nyékonakpoé,livre de famille,civil,109,21,0.02,2023-05-13,détérioration,traitee,guichet,44,f
autres,centrale,tchaoudjo,sokodé,tokoin,acte de naissance,civil,28,27,0.06,2023-10-29,erreur,rejetée,guichet,24,m
autres,savanes,oti,mango,nyékonakpoé,passeport,voyage,85,19,0.09,2023-01-10,perte,rejetée,guichet,46,m
autres,centrale,sotouboua,sotouboua,bè,livre de famille,civil,70,32,0.07,2023-10-21,nouveau mariage,traitee,guichet,36,f
autres,centrale,sotouboua,sotouboua,kodjoviakopé,carte d'identité,identité,105,29,0.03,2023-11-12,première demande,rejetée,guichet,49,m
autres,savanes,oti,mango,amoutivé,carte d'identité,identité,142,5,0.04,2023-11-12,détérioration,en cours,guichet,67,f
autres,plateaux,haho,notse,agoè,carte d'identité,identité,166,1,0.01,2023-07-08,expiration,traitee,guichet,52,f
autres,maritime,lacs,aného,amoutivé,passeport,voyage,161,12,0.05,2023-08-06,voyage,rejetée,guichet,19,m
autres,savanes,tone,dapaong,bè,livre de famille,civil,45,5,0.09,2023-11-05,détérioration,traitee,en ligne,81,m
autres,plateaux,ogou,atakpamé,nyékonakpoé,acte de naissance,civil,41,12,0.01,2023-06-11,reconstitution,traitee,guichet,50,m
autres,maritime,lacs,aného,nyékonakpoé,casier judiciaire,judiciaire,132,44,0.09,2023-10-18,voyage,traitee,en ligne,21,f
autres,plateaux,haho,notse,adidogomé,carte d'identité,identité,156,26,0.02,2023-04-06,vol,rejetée,en ligne,76,f
autres,kara,kozah,kara,kwé,certificat de nationalité,identité,97,24,0.12,2023-10-06,perte,rejetée,en ligne,86,m
autres,plateaux,haho,notse,adidogomé,carte d'identité,identité,43,34,0.05,2023-06-12,première demande,traitee,guichet,78,f
autres,plateaux,kloto,kpalime,tokoin,carte d'identité,identité,101,34,0.01,2023-06-17,détérioration,rejetée,guichet,42,m
autres,savanes,oti,mango,tokoin,carte d'identité,identité,68,26,0.08,2023-07-25,première demande,traitee,guichet,46,m
autres,maritime,vo,vogan,amoutivé,livre de famille,civil,130,23,0.08,2023-12-14,perte,traitee,guichet,28,m
autres,centrale,tchaoudjo,sokodé,adidogomé,livre de famille,civil,185,31,0.12,2023-01-21,détérioration,traitee,en ligne,66,f
autres,plateaux,ogou,atakpamé,bè,certificat de nationalité,identité,63,42,0.03,2023-05-15,première demande,rejetée,guichet,56,m
autres,savanes,oti,mango,kwé,livre de famille,civil,168,32,0.14,2023-03-31,détérioration,traitee,guichet,46,m
autres,savanes,oti,mango,adidogomé,livre de famille,civil,125,32,0.07,2023-01-03,perte,traitee,guichet,44,m
autres,kara,kozah,kara,golfe,livre de famille,civil,120,43,0.12,2023-07-22,perte,rejetée,en ligne,45,m
autres,centrale,tchaoudjo,sokodé,agoè,acte de naissance,civil,141,18,0.1,2023-09-19,reconstitution,en cours,en ligne,20,m
autres,plateaux,kloto,kpalime,hedzranawoé,acte de naissance,civil,137,5,0.14,2023-06-16,perte,rejetée,en ligne,38,m
autres,kara,binah,pagouda,adidogomé,livre de famille,civil,197,20,0.1,2023-07-09,détérioration,rejetée,guichet,59,f
autres,plateaux,kloto,kpalime,kwé,carte d'identité,identité,149,13,0.07,2023-09-02,vol,traitee,en ligne,65,m
autres,savanes,oti,mango,kodjoviakopé,carte d'identité,identité,22,2,0.06,2023-07-04,première demande,rejetée,en ligne,61,f
autres,centrale,sotouboua,sotouboua,adidogomé,carte d'identité,identité,193,40,0.1,2023-02-09,expiration,traitee,guichet,52,f
autres,centrale,sotouboua,sotouboua,agoè,carte d'identité,identité,145,45,0.11,2023-08-11,vol,en cours,en ligne,66,m
autres,plateaux,haho,notse,kodjoviakopé,acte de naissance,civil,81,36,0.14,2023-11-27,detérioré,en cours,en ligne,56,m
autres,kara,binah,pagouda,amoutivé,acte de naissance,civil,176,13,0.15,2023-01-17,perte,rejetée,en ligne,72,m
autres,kara,binah,pagouda,adidogomé,certificat de nationalité,identité,199,43,0.01,2023-04-08,première demande,en cours,guichet,41,f
autres,centrale,tchaoudjo,sokodé,kwé,casier judiciaire,judiciaire,116,10,0.01,2023-05-17,voyage,en cours,guichet,68,m
autres,centrale,tchaoudjo,sokodé,kwé,passeport,voyage,50,16,0.1,2023-08-22,expiration,traitee,guichet,34,f
autres,centrale,sotouboua,sotouboua,bè,certificat de nationalité,identité,88,16,0.07,2023-08-30,perte,traitee,en ligne,45,f
autres,centrale,tchaoudjo,sokodé,hedzranawoé,carte d'identité,identité,45,18,0.08,2023-05-27,détérioration,en cours,en ligne,33,m
autres,kara,kozah,kara,bè,livre de famille,civil,15,33,0.01,2023-08-14,nouveau mariage,traitee,en ligne,80,f
autres,maritime,vo,vogan,kodjoviakopé,livre de famille,civil,103,6,0.08,2023-06-21,nouveau mariage,traitee,en ligne,75,f
autres,savanes,oti,mango,kwé,livre de famille,civil,147,4,0.13,2023-09-01,détérioration,rejetée,en ligne,75,f
autres,kara,kozah,kara,tokoin,acte de naissance,civil,114,6,0.08,2023-02-06,perte,traitee,guichet,89,f
autres,centrale,tchaoudjo,sokodé,kodjoviakopé,certificat de nationalité,identité,99,21,0.03,2023-05-28,première demande,rejetée,en ligne,45,m
autres,savanes,oti,mango,kodjoviakopé,passeport,voyage,38,26,0.11,2023-02-11,voyage,traitee,en ligne,64,f
autres,plateaux,ogou,atakpamé,kwé,certificat de nationalité,identité,101,14,0.08,2023-01-16,première demande,en cours,en ligne,34,m
autres,centrale,tchaoudjo,sokodé,nyékonakpoé,certificat de nationalité,identité,89,43,0.02,2023-04-05,perte,rejetée,guichet,22,m
autres,centrale,tchaoudjo,sokodé,hôpital,carte d'identité,identité,32,24,0.07,2023-05-11,vol,traitee,en ligne,80,m
autres,centrale,tchaoudjo,sokodé,tokoin,livre de famille,civil,166,19,0.1,2023-01-13,détérioration,traitee,guichet,31,f
autres,centrale,sotouboua,sotouboua,kwé,casier judiciaire,judiciaire,172,16,0.09,2023-07-26,emploi,en cours,guichet,66,f
autres,maritime,vo,vogan,hedzranawoé,livre de famille,civil,12,17,0.14,2023-07-20,nouveau mariage,en cours,guichet,56,m
autres,maritime,zio,tsévié,amoutivé,passeport,voyage,136,3,0.05,2023-02-08,page pleine,traitee,en ligne,90,m
autres,plateaux,ogou,atakpamé,nyékonakpoé,carte d'identité,identité,10,4,0.07,2023-10-27,détérioration,rejetée,en ligne,45,m
autres,plateaux,haho,notse,kodjoviakopé,certificat de nationalité,identité,93,13,0.05,2023-12-15,concours,traitee,en ligne,48,m
autres,kara,binah,pagouda,hôpital,casier judiciaire,judiciaire,55,40,0.09,2023-10-10,emploi,traitee,en ligne,33,m
autres,kara,kozah,kara,golfe,certificat de nationalité,identité,16,36,0.05,2023-01-14,concours,en cours,guichet,38,m
autres,plateaux,kloto,kpalime,kwé,certificat de nationalité,identité,196,13,0.11,2023-05-03,concours,rejetée,en ligne,66,f
autres,savanes,oti,mango,tokoin,casier judiciaire,judiciaire,71,43,0.12,2023-11-09,voyage,traitee,en ligne,34,m
autres,maritime,golfe,be,adidogomé,livre de famille,civil,114,42,0.14,2023-06-28,détérioration,traitee,guichet,78,m
autres,plateaux,haho,notse,agoè,casier judiciaire,judiciaire,79,34,0.05,2023-07-26,emploi,traitee,en ligne,42,f
autres,maritime,zio,tsévié,tokoin,casier judiciaire,judiciaire,127,30,0.07,2023-02-07,voyage,rejetée,en ligne,38,f
autres,kara,kozah,kara,hôpital,carte d'identité,identité,84,26,0.08,2023-07-30,perte,rejetée,en ligne,55,m
autres,savanes,oti,mango,hedzranawoé,casier judiciaire,judiciaire,23,16,0.1,2023-05-17,voyage,rejetée,en ligne,38,m
autres,kara,kozah,kara,amoutivé,certificat de nationalité,identité,135,45,0.08,2023-01-04,première demande,rejetée,guichet,30,f
autres,maritime,golfe,tokoin,bè,casier judiciaire,judiciaire,165,43,0.04,2023-10-02,emploi,rejetée,guichet,29,m
autres,plateaux,haho,notse,agoè,passeport,voyage,49,32,0.07,2023-02-18,perte,rejetée,guichet,48,m
autres,maritime,zio,tsévié,hôpital,passeport,voyage,141,5,0.03,2023-12-26,voyage,rejetée,guichet,23,m
autres,kara,kozah,kara,golfe,casier judiciaire,judiciaire,156,39,0.03,2023-06-09,voyage,rejetée,en ligne,56,f
autres,centrale,tchaoudjo,sokodé,kwé,livre de famille,civil,49,10,0.09,2023-12-09,perte,rejetée,guichet,60,f
autres,maritime,zio,tsévié,adidogomé,casier judiciaire,judiciaire,135,1,0.07,2023-03-20,voyage,en cours,guichet,25,f
autres,kara,binah,pagouda,amoutivé,acte de naissance,civil,186,22,0.04,2023-10-16,erreur,rejetée,guichet,34,m
autres,centrale,sotouboua,sotouboua,kodjoviakopé,carte d'identité,identité,123,19,0.04,2023-11-15,vol,en cours,guichet,54,m
autres,kara,kozah,kara,nyékonakpoé,certificat de nationalité,identité,174,3,0.04,2023-04-08,concours,en cours,en ligne,40,f
autres,maritime,zio,tsévié,adidogomé,passeport,voyage,33,21,0.09,2023-06-18,perte,traitee,guichet,46,m
autres,kara,binah,pagouda,adidogomé,passeport,voyage,186,28,0.05,2023-03-17,voyage,en cours,guichet,60,m
autres,plateaux,kloto,kpalime,kodjoviakopé,passeport,voyage,26,20,0.07,2023-11-06,voyage,traitee,guichet,35,m
autres,kara,kozah,kara,kodjoviakopé,acte de naissance,civil,57,41,0.09,2023-05-28,reconstitution,rejetée,guichet,38,f
autres,kara,binah,pagouda,agoè,certificat de nationalité,identité,75,9,0.15,2023-08-24,perte,en cours,en ligne,42,f
autres,centrale,tchaoudjo,sokodé,tokoin,acte de naissance,civil,47,5,0.08,2023-10-02,perte,rejetée,guichet,78,m
autres,plateaux,ogou,atakpamé,adidogomé,livre de famille,civil,26,40,0.12,2023-11-06,nouveau mariage,en cours,en ligne,55,m
autres,kara,kozah,kara,agoè,certificat de nationalité,identité,74,15,0.09,2023-05-24,première demande,rejetée,en ligne,52,f
autres,plateaux,kloto,kpalime,hôpital,carte d'identité,identité,138,36,0.04,2023-05-25,expiration,traitee,guichet,52,f
autres,kara,binah,pagouda,golfe,carte d'identité,identité,130,7,0.14,2023-12-26,perte,rejetée,guichet,66,m
autres,savanes,oti,mango,nyékonakpoé,casier judiciaire,judiciaire,49,1,0.02,2023-08-04,emploi,traitee,guichet,57,m
autres,maritime,golfe,tokoin,amoutivé,certificat de nationalité,identité,172,4,0.08,2023-03-30,première demande,traitee,en ligne,51,f
autres,centrale,sotouboua,sotouboua,kwé,acte de naissance,civil,114,36,0.13,2023-12-19,detérioré,rejetée,guichet,30,f
autres,plateaux,ogou,atakpamé,hedzranawoé,passeport,voyage,139,12,0.03,2023-06-11,page pleine,en cours,guichet,30,f
autres,plateaux,kloto,kpalime,nyékonakpoé,casier judiciaire,judiciaire,188,13,0.12,2023-08-21,emploi,traitee,guichet,59,f
autres,maritime,vo,vogan,agoè,livre de famille,civil,161,16,0.01,2023-08-13,détérioration,traitee,en ligne,40,f
autres,kara,kozah,kara,hôpital,passeport,voyage,110,35,0.02,2023-10-07,perte,en cours,guichet,19,f
autres,kara,kozah,kara,nyékonakpoé,passeport,voyage,193,5,0.01,2023-10-28,voyage,traitee,guichet,80,m
autres,centrale,tchaoudjo,sokodé,hedzranawoé,carte d'identité,identité,49,34,0.02,2023-01-15,vol,en cours,guichet,35,m
autres,centrale,sotouboua,sotouboua,tokoin,acte de naissance,civil,133,7,0.06,2023-01-03,detérioré,en cours,guichet,56,f
autres,centrale,tchaoudjo,sokodé,nyékonakpoé,certificat de nationalité,identité,126,5,0.04,2023-05-14,concours,traitee,guichet,80,f
autres,plateaux,ogou,atakpamé,adidogomé,acte de naissance,civil,186,3,0.04,2023-05-26,detérioré,rejetée,en ligne,22,f
autres,kara,binah,pagouda,nyékonakpoé,passeport,voyage,160,33,0.02,2023-06-21,perte,rejetée,guichet,68,f
autres,savanes,oti,mango,kwé,livre de famille,civil,173,45,0.13,2023-08-18,perte,rejetée,guichet,39,f
autres,plateaux,ogou,atakpamé,bè,passeport,voyage,171,43,0.13,2023-09-12,expiration,rejetée,en ligne,43,f
autres,centrale,tchaoudjo,sokodé,adidogomé,livre de famille,civil,137,8,0.09,2023-02-25,perte,en cours,en ligne,38,f
autres,plateaux,haho,notse,hedzranawoé,passeport,voyage,65,16,0.08,2023-06-22,voyage,en cours,guichet,85,m
autres,plateaux,ogou,atakpamé,adidogomé,certificat de nationalité,identité,23,29,0.04,2023-01-13,concours,rejetée,guichet,21,f
autres,centrale,sotouboua,sotouboua,hôpital,carte d'identité,identité,152,16,0.05,2023-01-14,expiration,en cours,guichet,38,m
autres,plateaux,haho,notse,nyékonakpoé,carte d'identité,identité,124,19,0.14,2023-04-21,vol,traitee,guichet,31,f
autres,maritime,zio,tsévié,amoutivé,livre de famille,civil,131,12,0.01,2023-02-19,perte,rejetée,guichet,87,f
autres,maritime,vo,vogan,amoutivé,certificat de nationalité,identité,174,36,0.02,2023-06-25,concours,en cours,guichet,76,f
autres,savanes,oti,mango,tokoin,passeport,voyage,18,7,0.13,2023-01-18,perte,traitee,en ligne,72,m
autres,kara,binah,pagouda,agoè,certificat de nationalité,identité,75,45,0.05,2023-11-03,perte,en cours,en ligne,56,f
autres,centrale,tchaoudjo,sokodé,golfe,livre de famille,civil,74,7,0.14,2023-12-05,perte,rejetée,guichet,75,f
autres,plateaux,ogou,atakpamé,adidogomé,carte d'identité,identité,52,5,0.05,2023-08-18,détérioration,traitee,guichet,39,m
autres,plateaux,haho,notse,nyékonakpoé,carte d'identité,identité,179,23,0.03,2023-09-15,perte,en cours,guichet,67,m
autres,maritime,vo,vogan,adidogomé,acte de naissance,civil,35,8,0.02,2023-11-22,reconstitution,traitee,en ligne,35,f
autres,plateaux,ogou,atakpamé,kodjoviakopé,livre de famille,civil,145,44,0.14,2023-05-21,perte,en cours,guichet,87,f
autres,plateaux,ogou,atakpamé,golfe,livre de famille,civil,32,7,0.01,2023-01-30,nouveau mariage,traitee,guichet,73,m
autres,plateaux,ogou,atakpamé,hôpital,certificat de nationalité,identité,176,26,0.06,2023-11-27,concours,en cours,en ligne,46,f
autres,plateaux,ogou,atakpamé,amoutivé,carte d'identité,identité,199,38,0.03,2023-04-30,première demande,rejetée,en ligne,58,m
autres,savanes,tone,dapaong,nyékonakpoé,casier judiciaire,judiciaire,187,26,0.11,2023-11-21,voyage,en cours,en ligne,90,f
autres,centrale,sotouboua,sotouboua,agoè,passeport,voyage,197,7,0.05,2023-01-02,expiration,rejetée,guichet,64,f
autres,savanes,oti,mango,golfe,certificat de nationalité,identité,128,14,0.01,2023-03-28,concours,traitee,guichet,70,m
autres,savanes,tone,dapaong,amoutivé,casier judiciaire,judiciaire,110,26,0.01,2023-02-20,concours,traitee,en ligne,32,m
autres,plateaux,haho,notse,hôpital,certificat de nationalité,identité,77,44,0.09,2023-06-14,perte,traitee,guichet,42,m
autres,kara,binah,pagouda,adidogomé,acte de naissance,civil,62,36,0.08,2023-04-04,reconstitution,traitee,en ligne,26,f
autres,maritime,golfe,be,hedzranawoé,casier judiciaire,judiciaire,89,43,0.13,2023-08-28,voyage,traitee,guichet,24,f
autres,plateaux,haho,notse,amoutivé,passeport,voyage,13,39,0.04,2023-02-21,expiration,en cours,guichet,30,m
autres,maritime,golfe,be,nyékonakpoé,carte d'identité,identité,116,9,0.06,2023-04-25,perte,rejetée,en ligne,31,f
autres,savanes,oti,mango,golfe,acte de naissance,civil,136,30,0.13,2023-07-11,erreur,traitee,en ligne,70,m
autres,maritime,lacs,aného,golfe,passeport,voyage,151,45,0.1,2023-03-07,perte,en cours,guichet,69,m
autres,kara,binah,pagouda,kodjoviakopé,certificat de nationalité,identité,191,1,0.15,2023-08-24,perte,rejetée,en ligne,78,f
autres,centrale,tchaoudjo,sokodé,kwé,acte de naissance,civil,18,4,0.11,2023-09-04,detérioré,traitee,guichet,67,m
autres,centrale,sotouboua,sotouboua,hôpital,passeport,voyage,173,31,0.11,2023-01-27,expiration,traitee,en ligne,78,f
autres,kara,binah,pagouda,nyékonakpoé,livre de famille,civil,88,37,0.1,2023-11-08,détérioration,en cours,en ligne,33,m
autres,maritime,lacs,aného,hôpital,livre de famille,civil,80,14,0.03,2023-10-30,détérioration,en cours,guichet,41,m
autres,centrale,sotouboua,sotouboua,amoutivé,passeport,voyage,121,40,0.09,2023-03-27,perte,rejetée,en ligne,80,f
autres,centrale,tchaoudjo,sokodé,tokoin,carte d'identité,identité,92,6,0.04,2023-07-24,vol,traitee,en ligne,62,m
autres,plateaux,kloto,kpalime,hedzranawoé,certificat de nationalité,identité,119,14,0.12,2023-01-09,perte,traitee,guichet,70,f
autres,savanes,tone,dapaong,agoè,certificat de nationalité,identité,106,9,0.05,2023-06-11,concours,rejetée,en ligne,23,m
autres,plateaux,kloto,kpalime,adidogomé,certificat de nationalité,identité,141,34,0.13,2023-10-17,première demande,rejetée,en ligne,72,m
autres,savanes,oti,mango,kwé,passeport,voyage,114,31,0.05,2023-07-19,perte,en cours,en ligne,62,f
autres,plateaux,haho,notse,tokoin,certificat de nationalité,identité,21,38,0.01,2023-11-16,perte,traitee,guichet,30,f
autres,maritime,golfe,be,nyékonakpoé,carte d'identité,identité,160,25,0.03,2023-11-08,perte,traitee,en ligne,60,m
autres,plateaux,kloto,kpalime,hedzranawoé,casier judiciaire,judiciaire,166,24,0.07,2023-01-22,voyage,traitee,en ligne,22,f
autres,kara,kozah,kara,amoutivé,acte de naissance,civil,152,38,0.03,2023-08-07,detérioré,traitee,guichet,52,m
autres,kara,binah,pagouda,nyékonakpoé,carte d'identité,identité,107,15,0.09,2023-06-22,première demande,traitee,en ligne,70,m
autres,savanes,oti,mango,adidogomé,passeport,voyage,182,3,0.1,2023-03-18,page pleine,traitee,en ligne,21,m
autres,kara,binah,pagouda,golfe,casier judiciaire,judiciaire,169,5,0.01,2023-11-29,emploi,rejetée,en ligne,39,f
autres,maritime,golfe,adidogome,golfe,certificat de nationalité,identité,163,22,0.13,2023-10-01,concours,en cours,guichet,52,f
autres,plateaux,kloto,kpalime,kodjoviakopé,acte de naissance,civil,189,4,0.14,2023-09-18,erreur,en cours,en ligne,72,f
autres,centrale,tchaoudjo,sokodé,golfe,certificat de nationalité,identité,121,25,0.13,2023-07-14,première demande,traitee,en ligne,55,m
autres,maritime,vo,vogan,amoutivé,certificat de nationalité,identité,110,38,0.1,2023-07-07,concours,traitee,en ligne,49,f
autres,plateaux,haho,notse,adidogomé,casier judiciaire,judiciaire,49,43,0.04,2023-09-19,concours,en cours,guichet,25,f
autres,centrale,sotouboua,sotouboua,kwé,acte de naissance,civil,45,12,0.08,2023-06-18,reconstitution,traitee,guichet,68,f
autres,plateaux,kloto,kpalime,kodjoviakopé,livre de famille,civil,71,39,0.05,2023-04-19,perte,en cours,en ligne,62,f
autres,savanes,oti,mango,adidogomé,acte de naissance,civil,40,19,0.12,2023-06-27,perte,traitee,guichet,71,f
autres,centrale,sotouboua,sotouboua,nyékonakpoé,carte d'identité,identité,80,27,0.08,2023-01-10,détérioration,en cours,en ligne,69,f
autres,savanes,oti,mango,agoè,certificat de nationalité,identité,81,34,0.13,2023-03-04,perte,traitee,guichet,22,m
autres,centrale,tchaoudjo,sokodé,amoutivé,certificat de nationalité,identité,96,10,0.11,2023-02-26,première demande,traitee,guichet,90,f
autres,savanes,tone,dapaong,amoutivé,certificat de nationalité,identité,39,28,0.12,2023-12-08,concours,rejetée,en ligne,85,m
autres,savanes,oti,mango,bè,casier judiciaire,judiciaire,66,19,0.09,2023-12-11,voyage,en cours,guichet,84,m
autres,savanes,tone,dapaong,amoutivé,casier judiciaire,judiciaire,31,33,0.02,2023-04-21,emploi,traitee,guichet,68,m
autres,savanes,tone,dapaong,adidogomé,certificat de nationalité,identité,112,23,0.01,2023-01-15,concours,rejetée,guichet,66,f
autres,plateaux,kloto,kpalime,hôpital,carte d'identité,identité,140,19,0.13,2023-12-20,perte,rejetée,en ligne,82,f
autres,kara,binah,pagouda,adidogomé,livre de famille,civil,186,12,0.05,2023-01-08,nouveau mariage,rejetée,en ligne,36,f
autres,centrale,sotouboua,sotouboua,amoutivé,acte de naissance,civil,115,39,0.07,2023-05-11,perte,rejetée,guichet,83,f
autres,savanes,tone,dapaong,golfe,livre de famille,civil,51,29,0.11,2023-08-08,perte,traitee,en ligne,52,m
autres,savanes,tone,dapaong,kodjoviakopé,acte de naissance,civil,50,3,0.07,2023-11-01,erreur,en cours,guichet,41,f
autres,savanes,tone,dapaong,amoutivé,passeport,voyage,198,18,0.1,2023-12-06,perte,en cours,en ligne,40,m
autres,centrale,sotouboua,sotouboua,amoutivé,acte de naissance,civil,67,9,0.04,2023-04-14,reconstitution,traitee,guichet,67,f
autres,plateaux,haho,notse,nyékonakpoé,casier judiciaire,judiciaire,179,17,0.1,2023-02-02,voyage,traitee,en ligne,71,f
autres,centrale,sotouboua,sotouboua,hedzranawoé,certificat de nationalité,identité,160,20,0.11,2023-05-28,première demande,en cours,guichet,24,f
autres,savanes,oti,mango,bè,passeport,voyage,73,14,0.03,2023-06-07,voyage,traitee,en ligne,20,m
autres,savanes,tone,dapaong,bè,livre de famille,civil,90,44,0.05,2023-01-12,détérioration,rejetée,en ligne,79,m
autres,kara,binah,pagouda,adidogomé,livre de famille,civil,116,16,0.11,2023-04-18,perte,en cours,en ligne,81,f
autres,maritime,zio,tsévié,kodjoviakopé,carte d'identité,identité,19,15,0.0,2023-06-09,première demande,traitee,en ligne,18,f
autres,maritime,vo,vogan,agoè,carte d'identité,identité,189,20,0.06,2023-10-03,première demande,rejetée,en ligne,90,f
autres,maritime,vo,vogan,agoè,livre de famille,civil,24,8,0.12,2023-05-27,nouveau mariage,rejetée,en ligne,18,m
autres,savanes,tone,dapaong,adidogomé,livre de famille,civil,23,21,0.11,2023-05-09,perte,traitee,guichet,68,f
autres,savanes,oti,mango,amoutivé,acte de naissance,civil,174,31,0.08,2023-05-14,erreur,en cours,guichet,36,m
autres,centrale,tchaoudjo,sokodé,bè,casier judiciaire,judiciaire,118,5,0.02,2023-07-28,concours,rejetée,guichet,90,m
autres,maritime,lacs,aného,hôpital,livre de famille,civil,116,19,0.13,2023-10-20,perte,en cours,en ligne,70,f
autres,maritime,vo,vogan,agoè,livre de famille,civil,115,28,0.03,2023-07-30,perte,rejetée,en ligne,72,m
autres,centrale,tchaoudjo,sokodé,amoutivé,passeport,voyage,161,26,0.0,2023-08-06,voyage,rejetée,en ligne,26,f
autres,kara,kozah,kara,golfe,passeport,voyage,172,25,0.0,2023-05-26,expiration,traitee,en ligne,77,f
autres,centrale,sotouboua,sotouboua,kwé,livre de famille,civil,152,16,0.13,2023-09-09,nouveau mariage,en cours,guichet,49,m
autres,kara,kozah,kara,kwé,acte de naissance,civil,95,37,0.07,2023-12-07,detérioré,en cours,en ligne,40,f
autres,plateaux,haho,notse,hôpital,certificat de nationalité,identité,16,33,0.04,2023-07-20,perte,rejetée,en ligne,71,m
autres,savanes,oti,mango,agoè,acte de naissance,civil,120,30,0.09,2023-02-13,erreur,rejetée,guichet,90,m
autres,kara,kozah,kara,amoutivé,carte d'identité,identité,110,21,0.09,2023-10-11,expiration,traitee,en ligne,38,f
autres,savanes,tone,dapaong,nyékonakpoé,livre de famille,civil,65,35,0.05,2023-01-05,nouveau mariage,en cours,en ligne,30,m
autres,kara,binah,pagouda,tokoin,acte de naissance,civil,101,39,0.01,2023-07-19,erreur,en cours,en ligne,70,f
autres,plateaux,ogou,atakpamé,golfe,casier judiciaire,judiciaire,26,13,0.09,2023-05-18,voyage,rejetée,en ligne,33,m
autres,maritime,golfe,tokoin,kodjoviakopé,certificat de nationalité,identité,77,32,0.14,2023-04-16,première demande,traitee,guichet,23,f
autres,kara,kozah,kara,hôpital,carte d'identité,identité,160,3,0.15,2023-08-13,première demande,rejetée,en ligne,56,f
autres,savanes,tone,dapaong,hedzranawoé,casier judiciaire,judiciaire,158,20,0.13,2023-03-10,emploi,en cours,en ligne,85,m
autres,centrale,tchaoudjo,sokodé,bè,certificat de nationalité,identité,30,34,0.04,2023-02-13,première demande,traitee,en ligne,72,f
autres,plateaux,haho,notse,bè,carte d'identité,identité,76,34,0.01,2023-09-27,expiration,traitee,en ligne,25,f
autres,centrale,sotouboua,sotouboua,adidogomé,casier judiciaire,judiciaire,144,21,0.08,2023-04-07,concours,rejetée,guichet,54,m
autres,kara,kozah,kara,hôpital,casier judiciaire,judiciaire,16,8,0.14,2023-04-04,voyage,rejetée,guichet,86,m
autres,maritime,zio,tsévié,hedzranawoé,acte de naissance,civil,113,39,0.02,2023-03-10,reconstitution,en cours,en ligne,39,f
autres,savanes,tone,dapaong,hedzranawoé,carte d'identité,identité,173,21,0.04,2023-09-02,perte,traitee,guichet,24,m
autres,centrale,tchaoudjo,sokodé,bè,acte de naissance,civil,42,7,0.07,2023-04-06,perte,rejetée,en ligne,57,f
autres,kara,binah,pagouda,golfe,certificat de nationalité,identité,73,11,0.05,2023-09-28,perte,traitee,en ligne,22,f
autres,centrale,sotouboua,sotouboua,kodjoviakopé,acte de naissance,civil,116,36,0.13,2023-11-29,reconstitution,traitee,en ligne,58,m
autres,plateaux,haho,notse,adidogomé,livre de famille,civil,193,14,0.02,2023-06-03,détérioration,rejetée,en ligne,70,f
autres,maritime,lacs,aného,tokoin,livre de famille,civil,165,2,0.13,2023-07-10,détérioration,rejetée,guichet,52,m
autres,centrale,sotouboua,sotouboua,amoutivé,passeport,voyage,164,28,0.1,2023-10-18,voyage,en cours,en ligne,62,f
autres,kara,kozah,kara,bè,carte d'identité,identité,24,40,0.03,2023-12-22,perte,traitee,en ligne,46,f
autres,maritime,zio,tsévié,adidogomé,passeport,voyage,146,25,0.09,2023-10-06,perte,traitee,en ligne,34,f
autres,maritime,golfe,tokoin,kwé,acte de naissance,civil,15,9,0.04,2023-12-05,erreur,rejetée,en ligne,45,m
autres,kara,binah,pagouda,kwé,livre de famille,civil,123,27,0.07,2023-06-01,détérioration,rejetée,guichet,85,m
autres,kara,kozah,kara,hedzranawoé,passeport,voyage,101,22,0.1,2023-05-10,page pleine,en cours,en ligne,18,f
autres,kara,binah,pagouda,kwé,livre de famille,civil,101,43,0.03,2023-03-22,nouveau mariage,en cours,guichet,84,m
autres,kara,kozah,kara,kodjoviakopé,casier judiciaire,judiciaire,174,39,0.09,2023-04-16,concours,traitee,en ligne,21,f
autres,plateaux,ogou,atakpamé,kodjoviakopé,casier judiciaire,judiciaire,76,18,0.03,2023-12-09,concours,traitee,guichet,72,m
autres,maritime,golfe,lomé,bè,certificat de nationalité,identité,58,24,0.07,2023-04-11,première demande,rejetée,en ligne,68,m
autres,savanes,oti,mango,adidogomé,casier judiciaire,judiciaire,100,17,0.11,2023-09-22,voyage,rejetée,en ligne,23,f
autres,savanes,tone,dapaong,hôpital,certificat de nationalité,identité,66,5,0.12,2023-03-28,perte,traitee,en ligne,31,f
autres,plateaux,ogou,atakpamé,hedzranawoé,certificat de nationalité,identité,177,16,0.12,2023-07-22,première demande,traitee,guichet,33,f
autres,kara,binah,pagouda,amoutivé,casier judiciaire,judiciaire,51,21,0.06,2023-07-18,emploi,en cours,en ligne,74,f
autres,maritime,golfe,tokoin,hôpital,certificat de nationalité,identité,125,37,0.03,2023-10-14,première demande,rejetée,guichet,33,m
autres,maritime,golfe,tokoin,hôpital,casier judiciaire,judiciaire,194,3,0.11,2023-02-21,emploi,rejetée,guichet,36,f
autres,savanes,tone,dapaong,kodjoviakopé,passeport,voyage,130,32,0.02,2023-09-14,perte,rejetée,en ligne,28,m
autres,centrale,tchaoudjo,sokodé,kodjoviakopé,certificat de nationalité,identité,162,39,0.11,2023-01-31,perte,traitee,guichet,62,m
autres,maritime,lacs,aného,kodjoviakopé,passeport,voyage,95,35,0.02,2023-04-07,voyage,traitee,en ligne,51,m
autres,kara,binah,pagouda,hedzranawoé,livre de famille,civil,122,19,0.14,2023-05-04,détérioration,en cours,en ligne,82,m
autres,kara,binah,pagouda,kwé,passeport,voyage,138,43,0.11,2023-03-10,page pleine,traitee,en ligne,32,m
autres,maritime,lacs,aného,kodjoviakopé,certificat de nationalité,identité,73,34,0.09,2023-02-27,concours,traitee,guichet,65,m
autres,savanes,tone,dapaong,amoutivé,acte de naissance,civil,21,36,0.04,2023-03-18,reconstitution,rejetée,en ligne,90,f
autres,kara,binah,pagouda,agoè,carte d'identité,identité,191,1,0.09,2023-09-22,perte,en cours,en ligne,22,f
autres,maritime,lacs,aného,kodjoviakopé,casier judiciaire,judiciaire,182,17,0.09,2023-11-13,voyage,traitee,guichet,49,f
autres,kara,binah,pagouda,tokoin,acte de naissance,civil,72,5,0.1,2023-10-23,perte,traitee,en ligne,48,m
autres,kara,binah,pagouda,amoutivé,livre de famille,civil,80,25,0.07,2023-07-19,perte,en cours,guichet,67,m
autres,plateaux,kloto,kpalime,bè,carte d'identité,identité,187,32,0.04,2023-07-23,vol,en cours,guichet,90,m
autres,centrale,sotouboua,sotouboua,hôpital,passeport,voyage,106,45,0.09,2023-10-16,page pleine,rejetée,guichet,59,f
autres,centrale,tchaoudjo,sokodé,golfe,passeport,voyage,38,43,0.1,2023-11-14,expiration,rejetée,guichet,90,f
autres,centrale,tchaoudjo,sokodé,kodjoviakopé,certificat de nationalité,identité,104,10,0.09,2023-09-03,concours,traitee,guichet,47,m
autres,plateaux,haho,notse,hôpital,casier judiciaire,judiciaire,35,38,0.02,2023-04-15,emploi,en cours,en ligne,87,f
autres,plateaux,haho,notse,amoutivé,passeport,voyage,59,44,0.14,2023-10-29,expiration,traitee,guichet,72,f
autres,plateaux,ogou,atakpamé,kwé,livre de famille,civil,133,16,0.02,2023-06-24,nouveau mariage,rejetée,guichet,58,m
autres,maritime,vo,vogan,golfe,passeport,voyage,155,3,0.15,2023-12-31,voyage,traitee,en ligne,86,m
autres,centrale,tchaoudjo,sokodé,bè,acte de naissance,civil,73,42,0.05,2023-03-03,reconstitution,rejetée,guichet,58,f
autres,plateaux,ogou,atakpamé,amoutivé,acte de naissance,civil,157,12,0.04,2023-01-07,detérioré,rejetée,guichet,61,m
autres,maritime,vo,vogan,bè,livre de famille,civil,56,19,0.06,2023-11-13,détérioration,rejetée,guichet,48,f
autres,kara,kozah,kara,hôpital,carte d'identité,identité,151,28,0.11,2023-04-18,première demande,en cours,en ligne,71,m
autres,maritime,lacs,aného,kwé,livre de famille,civil,13,26,0.09,2023-12-19,nouveau mariage,rejetée,en ligne,22,f
autres,kara,binah,pagouda,nyékonakpoé,acte de naissance,civil,195,45,0.12,2023-09-21,reconstitution,rejetée,guichet,41,m
autres,savanes,oti,mango,nyékonakpoé,livre de famille,civil,168,26,0.09,2023-05-26,perte,traitee,guichet,64,m
autres,savanes,tone,dapaong,tokoin,acte de naissance,civil,169,13,0.01,2023-06-13,perte,rejetée,en ligne,71,f
autres,centrale,tchaoudjo,sokodé,nyékonakpoé,livre de famille,civil,195,37,0.08,2023-09-07,perte,en cours,guichet,24,f
autres,plateaux,haho,notse,kwé,carte d'identité,identité,148,28,0.11,2023-10-26,expiration,rejetée,en ligne,27,m
autres,savanes,oti,mango,kwé,certificat de nationalité,identité,109,21,0.02,2023-08-27,concours,rejetée,en ligne,61,m
autres,centrale,tchaoudjo,sokodé,adidogomé,carte d'identité,identité,94,45,0.12,2023-03-08,perte,rejetée,guichet,54,f
autres,centrale,tchaoudjo,sokodé,hôpital,casier judiciaire,judiciaire,86,12,0.11,2023-08-22,emploi,rejetée,en ligne,73,f
autres,centrale,sotouboua,sotouboua,golfe,passeport,voyage,91,26,0.05,2023-04-03,voyage,traitee,en ligne,75,f
autres,plateaux,haho,notse,adidogomé,passeport,voyage,77,45,0.01,2023-06-19,page pleine,traitee,guichet,50,f
autres,savanes,tone,dapaong,kodjoviakopé,certificat de nationalité,identité,30,23,0.01,2023-07-05,perte,en cours,en ligne,70,m
autres,savanes,tone,dapaong,nyékonakpoé,certificat de nationalité,identité,39,8,0.15,2023-06-17,concours,en cours,en ligne,47,m
autres,maritime,golfe,lomé,kwé,passeport,voyage,182,44,0.0,2023-07-09,expiration,en cours,en ligne,59,m
autres,kara,binah,pagouda,kwé,acte de naissance,civil,153,2,0.09,2023-06-08,perte,en cours,en ligne,18,f
autres,kara,binah,pagouda,hedzranawoé,acte de naissance,civil,125,11,0.03,2023-12-19,erreur,en cours,en ligne,29,m
autres,centrale,tchaoudjo,sokodé,kwé,passeport,voyage,115,31,0.05,2023-04-05,perte,rejetée,guichet,48,m
autres,kara,kozah,kara,amoutivé,acte de naissance,civil,62,43,0.14,2023-07-22,perte,en cours,en ligne,77,m
autres,centrale,sotouboua,sotouboua,golfe,acte de naissance,civil,42,15,0.11,2023-12-30,perte,traitee,en ligne,52,m
autres,savanes,oti,mango,nyékonakpoé,livre de famille,civil,74,43,0.03,2023-05-02,détérioration,rejetée,guichet,87,m
autres,kara,kozah,kara,kodjoviakopé,livre de famille,civil,42,23,0.06,2023-03-06,nouveau mariage,en cours,en ligne,28,f
autres,plateaux,kloto,kpalime,nyékonakpoé,carte d'identité,identité,43,11,0.1,2023-04-13,détérioration,traitee,en ligne,20,m
autres,plateaux,kloto,kpalime,amoutivé,acte de naissance,civil,33,18,0.15,2023-08-19,perte,en cours,guichet,42,f
autres,savanes,oti,mango,bè,certificat de nationalité,identité,115,43,0.06,2023-02-01,première demande,rejetée,en ligne,82,m
autres,savanes,tone,dapaong,tokoin,carte d'identité,identité,57,41,0.02,2023-02-05,expiration,en cours,en ligne,87,m
autres,plateaux,ogou,atakpamé,amoutivé,livre de famille,civil,48,4,0.03,2023-11-27,détérioration,traitee,en ligne,20,f
autres,plateaux,ogou,atakpamé,agoè,acte de naissance,civil,177,2,0.09,2023-10-23,reconstitution,traitee,en ligne,32,m
autres,savanes,tone,dapaong,tokoin,passeport,voyage,46,42,0.07,2023-12-20,page pleine,rejetée,guichet,89,m
autres,kara,kozah,kara,kodjoviakopé,livre de famille,civil,73,3,0.12,2023-05-11,détérioration,en cours,guichet,33,m
autres,centrale,sotouboua,sotouboua,bè,livre de famille,civil,79,29,0.09,2023-02-10,nouveau mariage,traitee,en ligne,54,f
autres,kara,kozah,kara,bè,casier judiciaire,judiciaire,157,31,0.04,2023-12-21,emploi,en cours,en ligne,44,f
autres,maritime,zio,tsévié,bè,casier judiciaire,judiciaire,143,19,0.02,2023-02-07,emploi,traitee,en ligne,29,f
autres,kara,binah,pagouda,nyékonakpoé,livre de famille,civil,55,23,0.04,2023-07-02,nouveau mariage,en cours,en ligne,22,m
autres,centrale,sotouboua,sotouboua,kwé,casier judiciaire,judiciaire,157,32,0.15,2023-02-23,concours,traitee,en ligne,37,f
autres,centrale,sotouboua,sotouboua,bè,livre de famille,civil,167,7,0.04,2023-06-19,détérioration,traitee,guichet,33,m
autres,plateaux,ogou,atakpamé,tokoin,carte d'identité,identité,186,42,0.05,2023-05-12,expiration,en cours,guichet,76,m
autres,savanes,tone,dapaong,kodjoviakopé,certificat de nationalité,identité,95,5,0.01,2023-08-23,concours,rejetée,en ligne,18,f
autres,kara,kozah,kara,adidogomé,passeport,voyage,145,35,0.13,2023-04-03,expiration,en cours,guichet,41,f
autres,maritime,zio,tsévié,golfe,passeport,voyage,169,5,0.11,2023-01-12,page pleine,en cours,guichet,62,m
autres,maritime,golfe,be,amoutivé,passeport,voyage,82,42,0.05,2023-03-22,perte,en cours,en ligne,28,f
autres,kara,binah,pagouda,adidogomé,casier judiciaire,judiciaire,69,15,0.05,2023-04-16,voyage,traitee,en ligne,60,m
autres,maritime,vo,vogan,golfe,certificat de nationalité,identité,126,10,0.02,2023-08-13,première demande,en cours,en ligne,49,m
autres,kara,kozah,kara,hedzranawoé,livre de famille,civil,158,3,0.06,2023-07-01,perte,en cours,en ligne,22,f
autres,kara,kozah,kara,bè,livre de famille,civil,15,26,0.07,2023-11-22,nouveau mariage,traitee,en ligne,84,m
autres,savanes,oti,mango,amoutivé,passeport,voyage,92,38,0.14,2023-07-07,expiration,rejetée,guichet,60,m
autres,maritime,vo,vogan,nyékonakpoé,certificat de nationalité,identité,150,44,0.12,2023-08-09,perte,rejetée,guichet,81,m
autres,savanes,oti,mango,agoè,acte de naissance,civil,189,3,0.11,2023-08-03,erreur,rejetée,en ligne,37,m
autres,maritime,golfe,tokoin,amoutivé,livre de famille,civil,134,1,0.08,2023-01-27,nouveau mariage,traitee,guichet,37,m
